,RecSeq Length,Recognition Sequence,Enzymes,Suppliers
0,4,AATT,MluCI,N
1,4,ACGT,HpyCH4IV,N
2,4,AGCT,AluI,BCIJKMNOQRSVXY
3,4,CATG,CviAII,N
4,4,CCCG,NcuII,-
5,4,CCGC,AciI,N
6,4,CCGG,Asp748I,-
7,4,CCTC,Hpy166III,-
8,4,CGCG,AccII,JK
9,4,CTAG,BfaI,N
10,4,GATC,Asi256I,-
11,4,GCGC,AspLEI,IV
12,4,GGCC,AcaIV,-
13,4,GTAC,AfaI,BK
14,4,TCGA,CviSIII,-
15,4,TGCA,CviRI,-
16,4,TTAA,MseI,N
17,5,ACGGA,TspGWI,QX
18,5,ACGGC,BceAI,N
19,5,ACTGG,BscHI,-
20,5,AGGAG,Hpy30XIII,-
21,5,ATGAA,TspDTI,QX
22,5,CAGTG,BtsIMutI,N
23,5,CATCG,CdiI,-
24,5,CCAGA,BspNCI,-
25,5,CCATC,BccI,N
26,5,CCCGC,Bme585I,-
27,5,CCCGT,BpuJI,-
28,5,CCTTC,Hin4II,-
29,5,CTCAG,BseMII,B
30,5,GAAAG,HpyUM032XIV,-
31,5,GAAGA,HpyII,-
32,5,GAAGT,SthSt3II,-
33,5,GACGC,CseI,B
34,5,GACTC,BspD6I,-
35,5,GAGTC,BsmEI,-
36,5,GCAGC,AlwXI,-
37,5,GCAGT,Bth571I,-
38,5,GCATC,BhaI,-
39,5,GCCGC,AspCNI,-
40,5,GCCTA,Hpy99XIII,-
41,5,GCGAA,Cla11845III,-
42,5,GCGAC,TsuI,-
43,5,GCGTA,HpyAXIV,-
44,5,GCTCC,LmnI,I
45,5,GGATC,AclWI,I
46,5,GGATG,BseGI,B
47,5,GGGAC,BpuNI,-
48,5,GGGTC,BssIMI,-
49,5,GGTGA,AsuHPI,IV
50,5,GTCTC,Alw26I,B
51,5,TCGAG,SpnRII,-
52,5,TCGTA,UbaF11I,-
53,5,TGAAC,Sbo46I,-
54,6,AACGTT,AclI,INV
55,6,AAGCTT,Asp52I,-
56,6,AAGGAG,CstMI,-
57,6,AATATT,SspI,BCIJKNQRVX
58,6,ACAAAG,Lde4408II,-
59,6,ACACAG,PinP10III,-
