RecSeq Length,Recognition Sequence,Enzymes,Suppliers
4,AATT,MluCI,N
4,ACGT,HpyCH4IV,N
4,AGCT,AluI,BCIJKMNOQRSVXY
4,ASST,SetI,I
4,CATG,CviAII,N
4,CCCG,NcuII,-
4,CCGC,AciI,N
4,CCGG,Asp748I,-
4,CCTC,Hpy166III,-
4,CGCG,AccII,JK
4,CTAG,BfaI,N
4,GATC,Asi256I,-
4,GCGC,AspLEI,IV
4,GGCC,AcaIV,-
4,GTAC,AfaI,BK
4,RGCY,CviJI,QX
4,TCGA,CviSIII,-
4,TGCA,CviRI,-
4,TTAA,MseI,N
4,YATR,FaiI,I
5,ACGGA,TspGWI,QX
5,ACGGC,BceAI,N
5,ACNGT,Bst4CI,IV
5,ACTGG,BscHI,-
5,AGGAG,Hpy30XIII,-
5,ATGAA,TspDTI,QX
5,CAGTG,BtsIMutI,N
5,CASTG,TscAI,B
5,CATCG,CdiI,-
5,CCAGA,BspNCI,-
5,CCATC,BccI,N
5,CCCGC,Bme585I,-
5,CCCGT,BpuJI,-
5,CCNGG,Bme1390I,B
5,CCSGG,AhaI,-
5,CCTTC,Hin4II,-
5,CCWGG,Acc38I,-
5,CCYGA,CjeNV,-
5,CGWCG,Hpy99I,N
5,CTCAG,BseMII,B
5,CTNAG,Bpa36II,-
5,GAAAG,HpyUM032XIV,-
5,GAAGA,HpyII,-
5,GAAGT,SthSt3II,-
5,GACGC,CseI,B
5,GACTC,BspD6I,-
5,GAGTC,BsmEI,-
5,GANTC,CviBI,-
5,GAWTC,PfeI,B
5,GCAGC,AlwXI,-
5,GCAGT,Bth571I,-
5,GCATC,BhaI,-
5,GCCGC,AspCNI,-
5,GCCTA,Hpy99XIII,-
5,GCGAA,Cla11845III,-
5,GCGAC,TsuI,-
5,GCGTA,HpyAXIV,-
5,GCNGC,Bli1904II,-
5,GCSGC,BspUI,-
5,GCTCC,LmnI,I
5,GCWGC,AceI,-
5,GCYGA,Cco14983VI,-
5,GGATC,AclWI,I
5,GGATG,BseGI,B
5,GGGAC,BpuNI,-
5,GGGTC,BssIMI,-
5,GGNCC,AhaB1I,-
5,GGRCA,CjeFV,-
5,GGTGA,AsuHPI,IV
5,GGWCC,AflI,-
5,GTCTC,Alw26I,B
5,GTNAC,MaeIII,MS
5,GTSAC,Hpy8II,-
5,TCGAG,SpnRII,-
5,TCGTA,UbaF11I,-
5,TCNGA,Hpy166I,-
5,TGAAC,Sbo46I,-
5,TTSAA,AgsI,I
6,AACGTT,AclI,INV
6,AAGCTT,Asp52I,-
6,AAGGAG,CstMI,-
6,AATATT,SspI,BCIJKNQRVX
6,ACAAAG,Lde4408II,-
6,ACACAG,PinP10III,-
6,ACATGT,BspLU11I,-
6,ACCAGC,Nal45188II,-
6,ACCCAG,RdeGBII,-
6,ACCGAC,Nbr128II,-
6,ACCGGT,AgeI,JNR
6,ACCTGC,Acc36I,I
6,ACCYAC,EcoE1140I,-
6,ACGCAG,Rsp008IV,-
6,ACGCGT,ApeI,-
6,ACGRAG,MspI7II,-
6,ACRCAG,SenSARA26III,-
6,ACRGAG,SurP32aII,-
6,ACRYGT,AflIII,MNS
6,ACTAGT,AclNI,-
6,ACTGGG,BfiI,-
6,AGATCT,BglII,BCIJKMNOQRSVX
6,AGCACC,Lsp48III,-
6,AGCCAG,AchA6III,-
6,AGCGCT,AfeI,IN
6,AGGAAT,Cba13II,-
6,AGGCCT,AatI,-
6,AGGCGA,Mba11I,-
6,AGGRAG,Lpl1004II,-
6,AGTACT,Acc113I,-
6,ATCGAC,ApyPI,-
6,ATCGAT,AagI,-
6,ATGAAG,Eco0162II,-
6,ATGCAC,Gba708II,-
6,ATGCAT,Asi372I,-
6,ATTAAT,AseI,JN
6,CAACAC,BsbI,-
6,CAARCA,Tth111II,-
6,CAATTG,MfeI,IN
6,CACCAC,Pdu1735I,-
6,CACCCA,TaqIII,-
6,CACGAG,BauI,B
6,CACGTC,AjiI,B
6,CACGTG,AcvI,QX
6,CACRAG,WviI,-
6,CAGAAG,Esp3007I,-
6,CAGCAG,CcoMI,-
6,CAGCTC,AceIII,-
6,CAGCTG,BamGI,-
6,CAGRAG,Lpl116III,-
6,CATATG,FauNDI,IV
6,CATCAC,NlaCI,-
6,CATCAG,PlaDI,-
6,CATTAG,AbaB8342IV,-
6,CCAAAC,Sen17963III,-
6,CCATGG,AteI,-
6,CCCAAG,CchIII,-
6,CCCACA,RleAI,-
6,CCCAGC,BseYI,N
6,CCCGAG,Bag18758I,-
6,CCCGGG,AhyI,-
6,CCGCAG,RdeGBI,-
6,CCGCAT,Bsp3004IV,-
6,CCGCGG,AosIII,-
6,CCGCTC,AccBSI,IV
6,CCGGAG,Eli8509II,-
6,CCGTKA,LlaG50I,-
6,CCKAAG,Van9116I,-
6,CCNNGG,BsaJI,N
6,CCRGAG,Aco12261II,-
6,CCRYGG,BstDSI,IV
6,CCTAGG,AspA2I,IV
6,CCTTGA,Pac19842II,-
6,CCTYNA,Hpy300XI,-
6,CCWWGG,BsmSI,-
6,CCYCAG,PspPRI,-
6,CGAACG,UbaPI,-
6,CGATCG,Afa22MI,-
6,CGCCAG,RflFIII,-
6,CGGAAG,Cma23826I,-
6,CGGCCG,AaaI,-
6,CGGCCR,GdiII,-
6,CGRYCG,BsaOI,-
6,CGTACG,BpuB5I,-
6,CGTCTC,BsmBI,N
6,CGTRAC,Asu14238IV,-
6,CMGCKG,MspA1I,INRV
6,CRTCNA,HpyAXVI-mut2,-
6,CRTTAA,HpyAXVI-mut1,-
6,CTCGAG,AbrI,-
6,CTCTTC,Bco5I,-
6,CTGAAG,AcuI,IN
6,CTGATG,SsmI,-
6,CTGCAG,AinI,-
6,CTGGAC,BspGI,-
6,CTGGAG,Bco35I,-
6,CTGRAG,Eco57MI,-
6,CTRYAG,Bco163I,-
6,CTTAAG,AflII,JKN
6,CTTGAC,SmaUMH5I,-
6,CTTGAG,Bce83I,-
6,CTYRAG,Sau90I,-
6,CYCGRG,AcrI,-
6,GAAACA,FtnUV,-
6,GAACCA,DrdII,-
6,GAAGAC,Bbr7I,-
6,GAAGGC,Ssp6803IV,-
6,GAATGC,Asp26HI,-
6,GAATTC,Bci528I,-
6,GACCAC,EsaSSI,-
6,GACCGA,TaqII,QX
6,GACGAG,Bsu3610I,-
6,GACGCA,Acc65V,-
6,GACGTC,AatII,BIKMNV
6,GAGCTC,BpuAmI,-
6,GAGGAC,Bbr57II,-
6,GAGGAG,AquIII,-
6,GARCAG,Cfupf3II,-
6,GATATC,Bsc217I,-
6,GATCAG,Sen13III,-
6,GCAAGG,CjeFIII,-
6,GCAATG,Bse3DI,IV
6,GCAGTG,BtsI,N
6,GCATGC,Asp5HI,-
6,GCCCAG,HbaII,-
6,GCCCAT,Rsp008V,-
6,GCCGAC,Exi27195I,-
6,GCCGAG,NmeAIII,N
6,GCCGGC,Afa24RI,-
6,GCCRAG,Awo1030IV,-
6,GCGAAG,Psp0357II,-
6,GCGATG,BtgZI,N
6,GCGCAG,Cdi11397I,-
6,GCGCGC,BscEI,-
6,GCGGAG,Cdi1678I,-
6,GCNNGC,BniI,-
6,GCTAAT,ScoDS2II,-
6,GCTAGC,AceII,-
6,GCTCCA,AmaCSI,-
6,GCVGAG,Fco1691IV,-
6,GCYAAG,KpnNIH50I,-
6,GDGCHC,AocII,-
6,GGAGGC,Bgl2196IV,-
6,GGARGA,CchII,-
6,GGATCC,AacLI,-
6,GGCGAG,Bbr51I,-
6,GGCGCA,Cgl13032I,-
6,GGCGCC,BbeI,-
6,GGCGGA,BpuCI,-
6,GGGCCC,ApaI,BIJKMNQRSVX
6,GGGRAG,AteTI,-
6,GGGTDA,Cco14983V,-
6,GGNNCC,AspNI,-
6,GGRCAG,Bbr11I,-
6,GGTACC,Acc65I,BINV
6,GGTCTC,Bli49I,-
6,GGTTAG,Cal14237I,-
6,GGWCNA,Hpy99XIV-mut1,-
6,GGWTAA,Hpy99XIV,-
6,GGYGAB,Pin17FIII,-
6,GGYRCC,AccB1I,IV
6,GKAAYG,CjeNIII,-
6,GKGCCC,BmgI,-
6,GKGCMC,BaeGI,N
6,GRCGYC,AcyI,J
6,GRGCYC,BanII,KNX
6,GTAATC,PacIII,-
6,GTATAC,BspM90I,-
6,GTATCC,BciVI,N
6,GTCGAC,Acs1371I,-
6,GTCTCA,AspSLV7III,-
6,GTGAAG,Cdu23823II,-
6,GTGCAC,AaqI,-
6,GTGCAG,BsgI,N
6,GTMKAC,AccI,BJKMNQRX
6,GTNNAC,Hpy8I,B
6,GTTAAC,BsaKI,-
6,GTTAAT,Cau10061II,-
6,GTYRAC,ChuEII,-
6,GWGCWC,Alw21I,B
6,RAATTY,AcsI,IV
6,RCATGY,AvoI,-
6,RCCGGY,Bco118I,-
6,RGATCY,AitII,-
6,RGCGCY,AccB2I,-
6,RTCAGG,BanLI,-
6,RTCGAG,Kor51II,-
6,TACGAG,Xca85IV,-
6,TACGTA,Bpu1831I,-
6,TAGGAG,Bce3081I,-
6,TAGRAG,Lmo911II,-
6,TANAAG,PfrJS12IV,-
6,TARCCA,TsoI,-
6,TCATGA,BspHI,N
6,TCCGGA,AccIII,JKR
6,TCCRAC,MmeI,NX
6,TCGCGA,AmaSI,-
6,TCGTAG,Pfl1108I,-
6,TCNNGA,Hpy178III,-
6,TCTAGA,BspAAII,-
6,TGATCA,AbaI,-
6,TGCGCA,AcaIII,-
6,TGGAAT,LsaDS4I,-
6,TGGCCA,BalI,BJKQRX
6,TGRYCA,RdeGBIII,-
6,TGTACA,AauI,-
6,TTATAA,AanI,B
6,TTCGAA,AcaI,-
6,TTTAAA,AhaIII,-
6,WCCGGW,Bba179I,-
6,WGGCCW,HaeI,-
6,WGTACW,TatI,B
6,YACGTR,BsaAI,N
6,YAGGAG,OspHL35III,-
6,YGGCCR,AcoI,I
7,AAAAGRG,Cly7489II,-
7,AAGAACB,AspNIH4III,-
7,ACCWGGT,CsiI,B
7,ACGABGG,Cgl13032II,-
7,AGCABCC,Asp114II,-
7,AGCGCCG,Lmo370I,-
7,AGGWCCT,Sse8647I,-
7,CAAGNAC,DraRI,-
7,CAAGRAG,NhaXI,-
7,CAATNAG,Saf8902III,-
7,CACCTGC,AarI,B
7,CACGAGH,Rba2021I,-
7,CACGCAG,Maf25II,-
7,CACRAYC,Vtu19109I,-
7,CANCATC,EcoMVII,-
7,CATCGAC,RceI,-
7,CCCGCAG,RpaBI,-
7,CCCWGGG,PasI,B
7,CCGGNAG,Pdi8503III,-
7,CCRTGAG,Pal408I,-
7,CCTCAGC,AbeI,-
7,CCTNAGC,Bpu10I,BINV
7,CCTNAGG,AocI,-
7,CGAAGAC,SstE37I,-
7,CGACCAG,CcrNAIII,-
7,CGCAGCG,Ssp714II,-
7,CGCCCAG,AspJHL3II,-
7,CGCCCAR,PspOMII,-
7,CGCCGAC,PliMI,-
7,CGCGCAG,Bsp460III,-
7,CGCRGAC,PpiP13II,-
7,CGGWCCG,CpoI,BK
7,CGRAGGC,Asp103I,-
7,CGRGGAC,RpaB5I,-
7,CNYACAC,Pst14472I,-
7,CRAGCAC,Lsp6406VI,-
7,CRARCAG,Eco9276II,-
7,CRRTAAG,Aba6411II,-
7,CRTTGAC,MaqI,-
7,CTATCAV,AbaCIII,-
7,CTRKCAG,PinP23II,-
7,CTTCGAG,RspPBTS2III,-
7,CTTCNAC,PfrJS2IV,-
7,CYAAANG,Lba2029III,-
7,GAAABCC,Eco0398II,-
7,GAAAYTC,Ecl35734I,-
7,GAAGNAG,PinP59III,-
7,GAANCAG,Adh6U21I,-
7,GAGAYGT,MkaDII,-
7,GANGGAG,BfaSII,-
7,GARGAAG,FspPK15I,-
7,GATCGAC,NpeUS61II,-
7,GATCGAG,Pst273I,-
7,GCCGNAC,AquII,-
7,GCGAACB,SmaUMH8I,-
7,GCGGRAG,SpoDI,-
7,GCMGAAG,Cdi81III,-
7,GCRGAAG,Cbo1632I,-
7,GCTCTTC,BspQI,N
7,GCTNAGC,BlpI,N
7,GCYYGAC,AhyRBAHI,-
7,GGACGAC,Sth20745III,-
7,GGCCGAG,Sno506I,-
7,GGCGGAG,PfrJS12V,-
7,GGGWCCC,KflI,B
7,GGNGAYG,Sba460II,-
7,GGTNACC,AcrII,-
7,GNGAAAY,Cch467III,-
7,GNGCAAC,Aba7804II,-
7,GNGGCAG,SenA1673III,-
7,GRACGAC,TspARh3I,-
7,GRAGCAG,Ble401II,-
7,GRGCRAC,Jma19592II,-
7,GRGGAAG,AquIV,-
7,GRNGAAT,Jsp2502II,-
7,GRTGGAG,RpaTI,-
7,GRTTRAG,CalB3II,-
7,GTATNAC,Jma19592I,-
7,GTGGNAG,HpyUM037X,-
7,GTRAAYG,Bbr57III,-
7,GTTCNAC,KpnNIH30III,-
7,GTTCNAG,Lra68I,-
7,GTYGGAG,RpaI,-
7,RCCGAAG,Pse18267I,-
7,RGCCCAC,PflPt14I,-
7,RGGNCCY,DraII,-
7,RGGWCCY,AspBHII,-
7,TCCNGGA,PfoI,B
7,TNGGNAG,HpyUM037X,-
7,YAAMGAG,AhyYL17I,-
8,ATTTAAAT,BstRZ246I,-
8,CCTCGAGG,AbsI,I
8,CCTGCAGG,SbfI,INV
8,CCTNAYNC,Cba16038I,-
8,CGCCGGCG,MreI,B
8,CGCGCAGG,GauT27I,-
8,CGCGCGCG,MauBI,B
8,CGTCGACG,SgrDI,B
8,CRCCGGYG,PsuNI,-
8,GCCCGGGC,SrfI,N
8,GCGATCGC,AsiSI,IN
8,GCGGCCGC,CciNI,IV
8,GGCCGGCC,FseI,N
8,GGCGCGCC,AscI,N
8,GTTTAAAC,MssI,B
8,RTGCGCAY,FspAI,B
8,RTTAAATM,BkrAM31DI,-
8,TTAATTAA,PacI,BNO
8,VCTCGAGB,PspXI,IN
9,CACNNNGTG,AdeI,B
9,CAGNNNCTG,AlwNI,N
9,GACNNNGTC,AspI,-
9,GAGNNNCTC,TssI,-
10,CACNNNNGTG,AleI,N
10,CAYNNNNRTG,MslI,N
10,CTACNNNGTC,UbaF12I,-
10,GAANNNNTTC,Asp700I,M
10,GACNNNNGTC,BoxI,B
10,GAGNNNNNGT,CjeNII,-
10,GATNNNNATC,Bco63I,-
11,AAGNNNNNCTT,FalI,I
11,ACNNNNGTAYC,BaeI,N
11,ACNNNNNCTCC,BsaXI,N
11,CAYNNNNNCTC,CjuII,-
11,CAYNNNNNRTG,CcoP13III,-
11,CCANNNNNCTC,Vga43942II,-
11,CCANNNNNNGT,CjeI,-
11,CCANNNNNTCG,UbaF14I,-
11,CCANNNNNTGG,AccB7I,IV
11,CCNNNNNNNGG,AfiI,V
11,CCTNNNNNAGG,Bpu1268I,-
11,GACNNNNNGTC,AhdI,N
11,GACNNNNNTGA,NgoAVIII,-
11,GACNNNNRTGA,SdeOSI,-
11,GAGNNNNNCTC,BplI,B
11,GAGNNNNNRTG,Cco14983III,-
11,GAYNNNNNRTC,HaeIV,-
11,GAYNNNNNVTC,Hin4I,-
11,GCANNNNNTGC,ApaBI,-
11,GCCNNNNNGGC,BglI,BCIJKNOQRVX
11,GCNNNNNNNGC,Bce4I,-
12,ACCNNNNNNGGT,HgiEII,-
12,CAANNNNNGTGG,CspCI,N
12,CACNNNNNNTCC,TstI,-
12,CCANNNNNNNTC,CjePI,-
12,CCANNNNNNTGG,BscJI,-
12,CGANNNNNNTGC,BcgI,N
12,GAACNNNNNCTC,PpiI,-
12,GAAGNNNNNCTC,Mcr10I,-
12,GACNNNNNNGTC,AasI,B
12,GACNNNNNNTGG,Bsp24I,-
12,GCANNNNNNTGC,AlfI,-
12,TACNNNNNRTGT,UbaF9I,-
12,TCANNNNNNTRG,Hpy99XXII,-
12,TGANNNNNNTCA,BdaI,-
12,TGANNNNNNTGA,Rtr1953I,-
13,CACNNNNNNNGAA,CjeP659IV,-
13,CYANNNNNNNTRG,HpyUM032XIII,-
13,CYANNNNNNNTTC,HpyUM032XIII-mut1,-
13,GAAAYNNNNNRTG,AlwFI,-
13,GAACNNNNNNTAC,PsrI,I
13,GAACNNNNNNTCC,AloI,B
13,GAAGNNNNNNTAC,BarI,I
13,GACNNNNNNTTYG,ArsI,I
13,GAGNNNNNNCTGG,UbaF13I,-
13,GGCCNNNNNGGCC,SdiI,-
14,GAANNNNNNNTTGG,AjuI,B
15,CCANNNNNNNNNTGG,XcmI,N